Workbook

Sheet Dashboard
A1: Tahanan Home Goods - Sales Dashboard
A2: Oct 2025 to Sep 2026 | All numbers calculate from the Sales Data tab | Sample data, fictional shop
A4: Total revenue | B4: Total units sold | C4: Average monthly revenue | D4: Best month | E4: Top product
A5: =SUM('Sales Data'!$F$5:$F$184) -> 7877030 | B5: =SUM('Sales Data'!$D$5:$D$184) -> 7652 | C5: =A5/12 -> 656419.17 | D5: =INDEX(A9:A20,MATCH(MAX(B9:B20),B9:B20,0)) -> 45992 | E5: =INDEX(F9:F13,MATCH(MAX(G9:G13),G9:G13,0)) -> Stainless Door Pull 12in
A8: Month | B8: Revenue | C8: Units | D8: Growth vs last month | F8: Product | G8: Revenue | H8: Units | I8: Share %
A9: 45931 | B9: =SUMIFS('Sales Data'!$F$5:$F$184,'Sales Data'!$A$5:$A$184,$A9) -> 548550 | C9: =SUMIFS('Sales Data'!$D$5:$D$184,'Sales Data'!$A$5:$A$184,$A9) -> 540 | F9: Stainless Door Pull 12in | G9: =SUMIFS('Sales Data'!$F$5:$F$184,'Sales Data'!$C$5:$C$184,$F9) -> 1963750 | H9: =SUMIFS('Sales Data'!$D$5:$D$184,'Sales Data'!$C$5:$C$184,$F9) -> 1571 | I9: =G9/$A$5 -> 0.24930082
A10: 45962 | B10: =SUMIFS('Sales Data'!$F$5:$F$184,'Sales Data'!$A$5:$A$184,$A10) -> 679260 | C10: =SUMIFS('Sales Data'!$D$5:$D$184,'Sales Data'!$A$5:$A$184,$A10) -> 657 | D10: =IF(B9=0,"",B10/B9-1) -> 0.23828275 | F10: Cabinet Handle Set (10 pcs) | G10: =SUMIFS('Sales Data'!$F$5:$F$184,'Sales Data'!$C$5:$C$184,$F10) -> 1932190 | H10: =SUMIFS('Sales Data'!$D$5:$D$184,'Sales Data'!$C$5:$C$184,$F10) -> 2171 | I10: =G10/$A$5 -> 0.24529423
A11: 45992 | B11: =SUMIFS('Sales Data'!$F$5:$F$184,'Sales Data'!$A$5:$A$184,$A11) -> 922550 | C11: =SUMIFS('Sales Data'!$D$5:$D$184,'Sales Data'!$A$5:$A$184,$A11) -> 897 | D11: =IF(B10=0,"",B11/B10-1) -> 0.35816918 | F11: Shower Door Handle | G11: =SUMIFS('Sales Data'!$F$5:$F$184,'Sales Data'!$C$5:$C$184,$F11) -> 1315050 | H11: =SUMIFS('Sales Data'!$D$5:$D$184,'Sales Data'!$C$5:$C$184,$F11) -> 797 | I11: =G11/$A$5 -> 0.16694744
A12: 46023 | B12: =SUMIFS('Sales Data'!$F$5:$F$184,'Sales Data'!$A$5:$A$184,$A12) -> 524640 | C12: =SUMIFS('Sales Data'!$D$5:$D$184,'Sales Data'!$A$5:$A$184,$A12) -> 499 | D12: =IF(B11=0,"",B12/B11-1) -> -0.43131538 | F12: Barn Door Hardware Kit | G12: =SUMIFS('Sales Data'!$F$5:$F$184,'Sales Data'!$C$5:$C$184,$F12) -> 1323000 | H12: =SUMIFS('Sales Data'!$D$5:$D$184,'Sales Data'!$C$5:$C$184,$F12) -> 315 | I12: =G12/$A$5 -> 0.1679567
A13: 46054 | B13: =SUMIFS('Sales Data'!$F$5:$F$184,'Sales Data'!$A$5:$A$184,$A13) -> 571650 | C13: =SUMIFS('Sales Data'!$D$5:$D$184,'Sales Data'!$A$5:$A$184,$A13) -> 562 | D13: =IF(B12=0,"",B13/B12-1) -> 0.0896043 | F13: Gate Latch | G13: =SUMIFS('Sales Data'!$F$5:$F$184,'Sales Data'!$C$5:$C$184,$F13) -> 1343040 | H13: =SUMIFS('Sales Data'!$D$5:$D$184,'Sales Data'!$C$5:$C$184,$F13) -> 2798 | I13: =G13/$A$5 -> 0.17050081
A14: 46082 | B14: =SUMIFS('Sales Data'!$F$5:$F$184,'Sales Data'!$A$5:$A$184,$A14) -> 586290 | C14: =SUMIFS('Sales Data'!$D$5:$D$184,'Sales Data'!$A$5:$A$184,$A14) -> 574 | D14: =IF(B13=0,"",B14/B13-1) -> 0.025610076
A15: 46113 | B15: =SUMIFS('Sales Data'!$F$5:$F$184,'Sales Data'!$A$5:$A$184,$A15) -> 660770 | C15: =SUMIFS('Sales Data'!$D$5:$D$184,'Sales Data'!$A$5:$A$184,$A15) -> 632 | D15: =IF(B14=0,"",B15/B14-1) -> 0.12703611 | F15: Channel | G15: Revenue | H15: Units | I15: Share %
A16: 46143 | B16: =SUMIFS('Sales Data'!$F$5:$F$184,'Sales Data'!$A$5:$A$184,$A16) -> 721420 | C16: =SUMIFS('Sales Data'!$D$5:$D$184,'Sales Data'!$A$5:$A$184,$A16) -> 707 | D16: =IF(B15=0,"",B16/B15-1) -> 0.091786855 | F16: Shopee | G16: =SUMIFS('Sales Data'!$F$5:$F$184,'Sales Data'!$B$5:$B$184,$F16) -> 3667050 | H16: =SUMIFS('Sales Data'!$D$5:$D$184,'Sales Data'!$B$5:$B$184,$F16) -> 3561 | I16: =G16/$A$5 -> 0.46553714
A17: 46174 | B17: =SUMIFS('Sales Data'!$F$5:$F$184,'Sales Data'!$A$5:$A$184,$A17) -> 596250 | C17: =SUMIFS('Sales Data'!$D$5:$D$184,'Sales Data'!$A$5:$A$184,$A17) -> 575 | D17: =IF(B16=0,"",B17/B16-1) -> -0.17350503 | F17: Lazada | G17: =SUMIFS('Sales Data'!$F$5:$F$184,'Sales Data'!$B$5:$B$184,$F17) -> 2593800 | H17: =SUMIFS('Sales Data'!$D$5:$D$184,'Sales Data'!$B$5:$B$184,$F17) -> 2517 | I17: =G17/$A$5 -> 0.32928655
A18: 46204 | B18: =SUMIFS('Sales Data'!$F$5:$F$184,'Sales Data'!$A$5:$A$184,$A18) -> 610870 | C18: =SUMIFS('Sales Data'!$D$5:$D$184,'Sales Data'!$A$5:$A$184,$A18) -> 592 | D18: =IF(B17=0,"",B18/B17-1) -> 0.024519916 | F18: Website | G18: =SUMIFS('Sales Data'!$F$5:$F$184,'Sales Data'!$B$5:$B$184,$F18) -> 1616180 | H18: =SUMIFS('Sales Data'!$D$5:$D$184,'Sales Data'!$B$5:$B$184,$F18) -> 1574 | I18: =G18/$A$5 -> 0.20517632
A19: 46235 | B19: =SUMIFS('Sales Data'!$F$5:$F$184,'Sales Data'!$A$5:$A$184,$A19) -> 676640 | C19: =SUMIFS('Sales Data'!$D$5:$D$184,'Sales Data'!$A$5:$A$184,$A19) -> 667 | D19: =IF(B18=0,"",B19/B18-1) -> 0.10766612
A20: 46266 | B20: =SUMIFS('Sales Data'!$F$5:$F$184,'Sales Data'!$A$5:$A$184,$A20) -> 778140 | C20: =SUMIFS('Sales Data'!$D$5:$D$184,'Sales Data'!$A$5:$A$184,$A20) -> 750 | D20: =IF(B19=0,"",B20/B19-1) -> 0.15000591

Sheet Sales Data
A1: Tahanan Home Goods - Sales Data
A2: Monthly units by product and channel, Oct 2025 to Sep 2026 | Sample data, fictional shop
A4: Month | B4: Channel | C4: Product | D4: Units | E4: Unit Price | F4: Revenue
A5: 45931 | B5: Shopee | C5: Stainless Door Pull 12in | D5: 51 | E5: 1250 | F5: =D5*E5 -> 63750
A6: 45931 | B6: Shopee | C6: Cabinet Handle Set (10 pcs) | D6: 68 | E6: 890 | F6: =D6*E6 -> 60520
A7: 45931 | B7: Shopee | C7: Shower Door Handle | D7: 28 | E7: 1650 | F7: =D7*E7 -> 46200
A8: 45931 | B8: Shopee | C8: Barn Door Hardware Kit | D8: 9 | E8: 4200 | F8: =D8*E8 -> 37800
A9: 45931 | B9: Shopee | C9: Gate Latch | D9: 100 | E9: 480 | F9: =D9*E9 -> 48000
A10: 45931 | B10: Lazada | C10: Stainless Door Pull 12in | D10: 36 | E10: 1250 | F10: =D10*E10 -> 45000
A11: 45931 | B11: Lazada | C11: Cabinet Handle Set (10 pcs) | D11: 46 | E11: 890 | F11: =D11*E11 -> 40940
A12: 45931 | B12: Lazada | C12: Shower Door Handle | D12: 19 | E12: 1650 | F12: =D12*E12 -> 31350
A13: 45931 | B13: Lazada | C13: Barn Door Hardware Kit | D13: 7 | E13: 4200 | F13: =D13*E13 -> 29400
A14: 45931 | B14: Lazada | C14: Gate Latch | D14: 68 | E14: 480 | F14: =D14*E14 -> 32640
A15: 45931 | B15: Website | C15: Stainless Door Pull 12in | D15: 21 | E15: 1250 | F15: =D15*E15 -> 26250
A16: 45931 | B16: Website | C16: Cabinet Handle Set (10 pcs) | D16: 30 | E16: 890 | F16: =D16*E16 -> 26700
... A184: 46266 | B184: Website | C184: Gate Latch | D184: 49 | E184: 480 | F184: =D184*E184 -> 23520
