Workbook

Sheet Before (raw)
A1: Customer List - BEFORE cleanup
A2: Exported from an online store: extra spaces, mixed capitals, phone numbers in 8 different styles, duplicates | Sample data
A4: Name | B4: Email | C4: Phone | D4: City
A5: maria SANTOS | B5: Maria.Santos@Gmail.com | C5: 0917 123 4567 | D5: amadeo, cavite
A6: JUAN dela cruz | B6: juan.delacruz@yahoo.com | C6: +63 918-234-5678 | D6: DASMARINAS CITY
A7: ana reyes | B7: ANA.REYES@OUTLOOK.COM | C7: 9193456789 | D7: imus
A8: Mark Villanueva | B8: mark.v@gmail.com | C8: (0920) 456 7890 | D8: Tagaytay
A9: lea garcia | B9: Lea.Garcia@gmail.com | C9: 0921.567.8901 | D9: silang, cavite
A10: Maria Santos | B10: maria.santos@gmail.com | C10: 09171234567 | D10: Amadeo, Cavite
A11: paolo REYES | B11: paolo.r@company.ph | C11: 63 922 678 9012 | D11: general trias
A12: CARLA MENDOZA | B12: carla.mendoza@yahoo.com | C12: 0923 789 012 | D12: bacoor
A13: rico bautista | B13: Rico.Bautista@Gmail.Com | C13: 0924-890-1234 | D13: Kawit
A14: jenny lim | B14: jenny.lim@gmail.com | C14: +63 925 901 2345 | D14: trece martires
A15: Ana Reyes | B15: ana.reyes@outlook.com | C15: 0919 345 6789 | D15: Imus
... A19: liza ramos | B19: liza.ramos@gmail.com | C19: 0929 234 5678 | D19: Carmona

Sheet After (clean)
A1: Customer List - AFTER cleanup
A2: Every column is a formula that reads the raw tab, so new raw rows clean themselves
A4: Name | B4: Email | C4: Phone (digits) | D4: Phone | E4: City | F4: Duplicate? | G4: Phone check
A5: =PROPER(TRIM('Before (raw)'!A5)) -> Maria Santos | B5: =LOWER(SUBSTITUTE('Before (raw)'!B5," ","")) -> maria.santos@gmail.com | C5: =IF(LEFT(SUBSTITUTE(SUBSTITUTE(SUBSTITUTE(SUBSTITUTE(SUBSTITUTE(SUBSTITUTE('Before (raw)'!C5," ",""),"-",""),"+",""),"(",""),")",""),".",""),2)="63","0"&MID(SUBSTITUTE(SUBSTITUTE(SUBSTITUTE(SUBSTITUTE(SUBSTITUTE(SUBSTITUTE('Before (raw)'!C5," ",""),"-",""),"+",""),"(",""),")",""),".",""),3,20),IF(LEFT(SUBSTITUTE(SUBSTITUTE(SUBSTITUTE(SUBSTITUTE(SUBSTITUTE(SUBSTITUTE('Before (raw)'!C5," ",""),"-",""),"+",""),"(",""),")",""),".",""),1)="9","0"&SUBSTITUTE(SUBSTITUTE(SUBSTITUTE(SUBSTITUTE(SUBSTITUTE(SUBSTITUTE('Before (raw)'!C5," ",""),"-",""),"+",""),"(",""),")",""),".",""),SUBSTITUTE(SUBSTITUTE(SUBSTITUTE(SUBSTITUTE(SUBSTITUTE(SUBSTITUTE('Before (raw)'!C5," ",""),"-",""),"+",""),"(",""),")",""),".",""))) -> 09171234567 | D5: =IF(LEN(C5)=11,LEFT(C5,4)&"-"&MID(C5,5,3)&"-"&RIGHT(C5,4),C5) -> 0917-123-4567 | E5: =PROPER(TRIM('Before (raw)'!D5)) -> Amadeo, Cavite | F5: =IF(COUNTIF($B$5:B5,B5)>1,"Duplicate","") | G5: =IF(LEN(C5)=11,"OK","Check number") -> OK
A6: =PROPER(TRIM('Before (raw)'!A6)) -> Juan Dela Cruz | B6: =LOWER(SUBSTITUTE('Before (raw)'!B6," ","")) -> juan.delacruz@yahoo.com | C6: =IF(LEFT(SUBSTITUTE(SUBSTITUTE(SUBSTITUTE(SUBSTITUTE(SUBSTITUTE(SUBSTITUTE('Before (raw)'!C6," ",""),"-",""),"+",""),"(",""),")",""),".",""),2)="63","0"&MID(SUBSTITUTE(SUBSTITUTE(SUBSTITUTE(SUBSTITUTE(SUBSTITUTE(SUBSTITUTE('Before (raw)'!C6," ",""),"-",""),"+",""),"(",""),")",""),".",""),3,20),IF(LEFT(SUBSTITUTE(SUBSTITUTE(SUBSTITUTE(SUBSTITUTE(SUBSTITUTE(SUBSTITUTE('Before (raw)'!C6," ",""),"-",""),"+",""),"(",""),")",""),".",""),1)="9","0"&SUBSTITUTE(SUBSTITUTE(SUBSTITUTE(SUBSTITUTE(SUBSTITUTE(SUBSTITUTE('Before (raw)'!C6," ",""),"-",""),"+",""),"(",""),")",""),".",""),SUBSTITUTE(SUBSTITUTE(SUBSTITUTE(SUBSTITUTE(SUBSTITUTE(SUBSTITUTE('Before (raw)'!C6," ",""),"-",""),"+",""),"(",""),")",""),".",""))) -> 09182345678 | D6: =IF(LEN(C6)=11,LEFT(C6,4)&"-"&MID(C6,5,3)&"-"&RIGHT(C6,4),C6) -> 0918-234-5678 | E6: =PROPER(TRIM('Before (raw)'!D6)) -> Dasmarinas City | F6: =IF(COUNTIF($B$5:B6,B6)>1,"Duplicate","") | G6: =IF(LEN(C6)=11,"OK","Check number") -> OK
A7: =PROPER(TRIM('Before (raw)'!A7)) -> Ana Reyes | B7: =LOWER(SUBSTITUTE('Before (raw)'!B7," ","")) -> ana.reyes@outlook.com | C7: =IF(LEFT(SUBSTITUTE(SUBSTITUTE(SUBSTITUTE(SUBSTITUTE(SUBSTITUTE(SUBSTITUTE('Before (raw)'!C7," ",""),"-",""),"+",""),"(",""),")",""),".",""),2)="63","0"&MID(SUBSTITUTE(SUBSTITUTE(SUBSTITUTE(SUBSTITUTE(SUBSTITUTE(SUBSTITUTE('Before (raw)'!C7," ",""),"-",""),"+",""),"(",""),")",""),".",""),3,20),IF(LEFT(SUBSTITUTE(SUBSTITUTE(SUBSTITUTE(SUBSTITUTE(SUBSTITUTE(SUBSTITUTE('Before (raw)'!C7," ",""),"-",""),"+",""),"(",""),")",""),".",""),1)="9","0"&SUBSTITUTE(SUBSTITUTE(SUBSTITUTE(SUBSTITUTE(SUBSTITUTE(SUBSTITUTE('Before (raw)'!C7," ",""),"-",""),"+",""),"(",""),")",""),".",""),SUBSTITUTE(SUBSTITUTE(SUBSTITUTE(SUBSTITUTE(SUBSTITUTE(SUBSTITUTE('Before (raw)'!C7," ",""),"-",""),"+",""),"(",""),")",""),".",""))) -> 09193456789 | D7: =IF(LEN(C7)=11,LEFT(C7,4)&"-"&MID(C7,5,3)&"-"&RIGHT(C7,4),C7) -> 0919-345-6789 | E7: =PROPER(TRIM('Before (raw)'!D7)) -> Imus | F7: =IF(COUNTIF($B$5:B7,B7)>1,"Duplicate","") | G7: =IF(LEN(C7)=11,"OK","Check number") -> OK
A8: =PROPER(TRIM('Before (raw)'!A8)) -> Mark Villanueva | B8: =LOWER(SUBSTITUTE('Before (raw)'!B8," ","")) -> mark.v@gmail.com | C8: =IF(LEFT(SUBSTITUTE(SUBSTITUTE(SUBSTITUTE(SUBSTITUTE(SUBSTITUTE(SUBSTITUTE('Before (raw)'!C8," ",""),"-",""),"+",""),"(",""),")",""),".",""),2)="63","0"&MID(SUBSTITUTE(SUBSTITUTE(SUBSTITUTE(SUBSTITUTE(SUBSTITUTE(SUBSTITUTE('Before (raw)'!C8," ",""),"-",""),"+",""),"(",""),")",""),".",""),3,20),IF(LEFT(SUBSTITUTE(SUBSTITUTE(SUBSTITUTE(SUBSTITUTE(SUBSTITUTE(SUBSTITUTE('Before (raw)'!C8," ",""),"-",""),"+",""),"(",""),")",""),".",""),1)="9","0"&SUBSTITUTE(SUBSTITUTE(SUBSTITUTE(SUBSTITUTE(SUBSTITUTE(SUBSTITUTE('Before (raw)'!C8," ",""),"-",""),"+",""),"(",""),")",""),".",""),SUBSTITUTE(SUBSTITUTE(SUBSTITUTE(SUBSTITUTE(SUBSTITUTE(SUBSTITUTE('Before (raw)'!C8," ",""),"-",""),"+",""),"(",""),")",""),".",""))) -> 09204567890 | D8: =IF(LEN(C8)=11,LEFT(C8,4)&"-"&MID(C8,5,3)&"-"&RIGHT(C8,4),C8) -> 0920-456-7890 | E8: =PROPER(TRIM('Before (raw)'!D8)) -> Tagaytay | F8: =IF(COUNTIF($B$5:B8,B8)>1,"Duplicate","") | G8: =IF(LEN(C8)=11,"OK","Check number") -> OK
A9: =PROPER(TRIM('Before (raw)'!A9)) -> Lea Garcia | B9: =LOWER(SUBSTITUTE('Before (raw)'!B9," ","")) -> lea.garcia@gmail.com | C9: =IF(LEFT(SUBSTITUTE(SUBSTITUTE(SUBSTITUTE(SUBSTITUTE(SUBSTITUTE(SUBSTITUTE('Before (raw)'!C9," ",""),"-",""),"+",""),"(",""),")",""),".",""),2)="63","0"&MID(SUBSTITUTE(SUBSTITUTE(SUBSTITUTE(SUBSTITUTE(SUBSTITUTE(SUBSTITUTE('Before (raw)'!C9," ",""),"-",""),"+",""),"(",""),")",""),".",""),3,20),IF(LEFT(SUBSTITUTE(SUBSTITUTE(SUBSTITUTE(SUBSTITUTE(SUBSTITUTE(SUBSTITUTE('Before (raw)'!C9," ",""),"-",""),"+",""),"(",""),")",""),".",""),1)="9","0"&SUBSTITUTE(SUBSTITUTE(SUBSTITUTE(SUBSTITUTE(SUBSTITUTE(SUBSTITUTE('Before (raw)'!C9," ",""),"-",""),"+",""),"(",""),")",""),".",""),SUBSTITUTE(SUBSTITUTE(SUBSTITUTE(SUBSTITUTE(SUBSTITUTE(SUBSTITUTE('Before (raw)'!C9," ",""),"-",""),"+",""),"(",""),")",""),".",""))) -> 09215678901 | D9: =IF(LEN(C9)=11,LEFT(C9,4)&"-"&MID(C9,5,3)&"-"&RIGHT(C9,4),C9) -> 0921-567-8901 | E9: =PROPER(TRIM('Before (raw)'!D9)) -> Silang, Cavite | F9: =IF(COUNTIF($B$5:B9,B9)>1,"Duplicate","") | G9: =IF(LEN(C9)=11,"OK","Check number") -> OK
A10: =PROPER(TRIM('Before (raw)'!A10)) -> Maria Santos | B10: =LOWER(SUBSTITUTE('Before (raw)'!B10," ","")) -> maria.santos@gmail.com | C10: =IF(LEFT(SUBSTITUTE(SUBSTITUTE(SUBSTITUTE(SUBSTITUTE(SUBSTITUTE(SUBSTITUTE('Before (raw)'!C10," ",""),"-",""),"+",""),"(",""),")",""),".",""),2)="63","0"&MID(SUBSTITUTE(SUBSTITUTE(SUBSTITUTE(SUBSTITUTE(SUBSTITUTE(SUBSTITUTE('Before (raw)'!C10," ",""),"-",""),"+",""),"(",""),")",""),".",""),3,20),IF(LEFT(SUBSTITUTE(SUBSTITUTE(SUBSTITUTE(SUBSTITUTE(SUBSTITUTE(SUBSTITUTE('Before (raw)'!C10," ",""),"-",""),"+",""),"(",""),")",""),".",""),1)="9","0"&SUBSTITUTE(SUBSTITUTE(SUBSTITUTE(SUBSTITUTE(SUBSTITUTE(SUBSTITUTE('Before (raw)'!C10," ",""),"-",""),"+",""),"(",""),")",""),".",""),SUBSTITUTE(SUBSTITUTE(SUBSTITUTE(SUBSTITUTE(SUBSTITUTE(SUBSTITUTE('Before (raw)'!C10," ",""),"-",""),"+",""),"(",""),")",""),".",""))) -> 09171234567 | D10: =IF(LEN(C10)=11,LEFT(C10,4)&"-"&MID(C10,5,3)&"-"&RIGHT(C10,4),C10) -> 0917-123-4567 | E10: =PROPER(TRIM('Before (raw)'!D10)) -> Amadeo, Cavite | F10: =IF(COUNTIF($B$5:B10,B10)>1,"Duplicate","") -> Duplicate | G10: =IF(LEN(C10)=11,"OK","Check number") -> OK
A11: =PROPER(TRIM('Before (raw)'!A11)) -> Paolo Reyes | B11: =LOWER(SUBSTITUTE('Before (raw)'!B11," ","")) -> paolo.r@company.ph | C11: =IF(LEFT(SUBSTITUTE(SUBSTITUTE(SUBSTITUTE(SUBSTITUTE(SUBSTITUTE(SUBSTITUTE('Before (raw)'!C11," ",""),"-",""),"+",""),"(",""),")",""),".",""),2)="63","0"&MID(SUBSTITUTE(SUBSTITUTE(SUBSTITUTE(SUBSTITUTE(SUBSTITUTE(SUBSTITUTE('Before (raw)'!C11," ",""),"-",""),"+",""),"(",""),")",""),".",""),3,20),IF(LEFT(SUBSTITUTE(SUBSTITUTE(SUBSTITUTE(SUBSTITUTE(SUBSTITUTE(SUBSTITUTE('Before (raw)'!C11," ",""),"-",""),"+",""),"(",""),")",""),".",""),1)="9","0"&SUBSTITUTE(SUBSTITUTE(SUBSTITUTE(SUBSTITUTE(SUBSTITUTE(SUBSTITUTE('Before (raw)'!C11," ",""),"-",""),"+",""),"(",""),")",""),".",""),SUBSTITUTE(SUBSTITUTE(SUBSTITUTE(SUBSTITUTE(SUBSTITUTE(SUBSTITUTE('Before (raw)'!C11," ",""),"-",""),"+",""),"(",""),")",""),".",""))) -> 09226789012 | D11: =IF(LEN(C11)=11,LEFT(C11,4)&"-"&MID(C11,5,3)&"-"&RIGHT(C11,4),C11) -> 0922-678-9012 | E11: =PROPER(TRIM('Before (raw)'!D11)) -> General Trias | F11: =IF(COUNTIF($B$5:B11,B11)>1,"Duplicate","") | G11: =IF(LEN(C11)=11,"OK","Check number") -> OK
A12: =PROPER(TRIM('Before (raw)'!A12)) -> Carla Mendoza | B12: =LOWER(SUBSTITUTE('Before (raw)'!B12," ","")) -> carla.mendoza@yahoo.com | C12: =IF(LEFT(SUBSTITUTE(SUBSTITUTE(SUBSTITUTE(SUBSTITUTE(SUBSTITUTE(SUBSTITUTE('Before (raw)'!C12," ",""),"-",""),"+",""),"(",""),")",""),".",""),2)="63","0"&MID(SUBSTITUTE(SUBSTITUTE(SUBSTITUTE(SUBSTITUTE(SUBSTITUTE(SUBSTITUTE('Before (raw)'!C12," ",""),"-",""),"+",""),"(",""),")",""),".",""),3,20),IF(LEFT(SUBSTITUTE(SUBSTITUTE(SUBSTITUTE(SUBSTITUTE(SUBSTITUTE(SUBSTITUTE('Before (raw)'!C12," ",""),"-",""),"+",""),"(",""),")",""),".",""),1)="9","0"&SUBSTITUTE(SUBSTITUTE(SUBSTITUTE(SUBSTITUTE(SUBSTITUTE(SUBSTITUTE('Before (raw)'!C12," ",""),"-",""),"+",""),"(",""),")",""),".",""),SUBSTITUTE(SUBSTITUTE(SUBSTITUTE(SUBSTITUTE(SUBSTITUTE(SUBSTITUTE('Before (raw)'!C12," ",""),"-",""),"+",""),"(",""),")",""),".",""))) -> 0923789012 | D12: =IF(LEN(C12)=11,LEFT(C12,4)&"-"&MID(C12,5,3)&"-"&RIGHT(C12,4),C12) -> 0923789012 | E12: =PROPER(TRIM('Before (raw)'!D12)) -> Bacoor | F12: =IF(COUNTIF($B$5:B12,B12)>1,"Duplicate","") | G12: =IF(LEN(C12)=11,"OK","Check number") -> Check number
A13: =PROPER(TRIM('Before (raw)'!A13)) -> Rico Bautista | B13: =LOWER(SUBSTITUTE('Before (raw)'!B13," ","")) -> rico.bautista@gmail.com | C13: =IF(LEFT(SUBSTITUTE(SUBSTITUTE(SUBSTITUTE(SUBSTITUTE(SUBSTITUTE(SUBSTITUTE('Before (raw)'!C13," ",""),"-",""),"+",""),"(",""),")",""),".",""),2)="63","0"&MID(SUBSTITUTE(SUBSTITUTE(SUBSTITUTE(SUBSTITUTE(SUBSTITUTE(SUBSTITUTE('Before (raw)'!C13," ",""),"-",""),"+",""),"(",""),")",""),".",""),3,20),IF(LEFT(SUBSTITUTE(SUBSTITUTE(SUBSTITUTE(SUBSTITUTE(SUBSTITUTE(SUBSTITUTE('Before (raw)'!C13," ",""),"-",""),"+",""),"(",""),")",""),".",""),1)="9","0"&SUBSTITUTE(SUBSTITUTE(SUBSTITUTE(SUBSTITUTE(SUBSTITUTE(SUBSTITUTE('Before (raw)'!C13," ",""),"-",""),"+",""),"(",""),")",""),".",""),SUBSTITUTE(SUBSTITUTE(SUBSTITUTE(SUBSTITUTE(SUBSTITUTE(SUBSTITUTE('Before (raw)'!C13," ",""),"-",""),"+",""),"(",""),")",""),".",""))) -> 09248901234 | D13: =IF(LEN(C13)=11,LEFT(C13,4)&"-"&MID(C13,5,3)&"-"&RIGHT(C13,4),C13) -> 0924-890-1234 | E13: =PROPER(TRIM('Before (raw)'!D13)) -> Kawit | F13: =IF(COUNTIF($B$5:B13,B13)>1,"Duplicate","") | G13: =IF(LEN(C13)=11,"OK","Check number") -> OK
A14: =PROPER(TRIM('Before (raw)'!A14)) -> Jenny Lim | B14: =LOWER(SUBSTITUTE('Before (raw)'!B14," ","")) -> jenny.lim@gmail.com | C14: =IF(LEFT(SUBSTITUTE(SUBSTITUTE(SUBSTITUTE(SUBSTITUTE(SUBSTITUTE(SUBSTITUTE('Before (raw)'!C14," ",""),"-",""),"+",""),"(",""),")",""),".",""),2)="63","0"&MID(SUBSTITUTE(SUBSTITUTE(SUBSTITUTE(SUBSTITUTE(SUBSTITUTE(SUBSTITUTE('Before (raw)'!C14," ",""),"-",""),"+",""),"(",""),")",""),".",""),3,20),IF(LEFT(SUBSTITUTE(SUBSTITUTE(SUBSTITUTE(SUBSTITUTE(SUBSTITUTE(SUBSTITUTE('Before (raw)'!C14," ",""),"-",""),"+",""),"(",""),")",""),".",""),1)="9","0"&SUBSTITUTE(SUBSTITUTE(SUBSTITUTE(SUBSTITUTE(SUBSTITUTE(SUBSTITUTE('Before (raw)'!C14," ",""),"-",""),"+",""),"(",""),")",""),".",""),SUBSTITUTE(SUBSTITUTE(SUBSTITUTE(SUBSTITUTE(SUBSTITUTE(SUBSTITUTE('Before (raw)'!C14," ",""),"-",""),"+",""),"(",""),")",""),".",""))) -> 09259012345 | D14: =IF(LEN(C14)=11,LEFT(C14,4)&"-"&MID(C14,5,3)&"-"&RIGHT(C14,4),C14) -> 0925-901-2345 | E14: =PROPER(TRIM('Before (raw)'!D14)) -> Trece Martires | F14: =IF(COUNTIF($B$5:B14,B14)>1,"Duplicate","") | G14: =IF(LEN(C14)=11,"OK","Check number") -> OK
A15: =PROPER(TRIM('Before (raw)'!A15)) -> Ana Reyes | B15: =LOWER(SUBSTITUTE('Before (raw)'!B15," ","")) -> ana.reyes@outlook.com | C15: =IF(LEFT(SUBSTITUTE(SUBSTITUTE(SUBSTITUTE(SUBSTITUTE(SUBSTITUTE(SUBSTITUTE('Before (raw)'!C15," ",""),"-",""),"+",""),"(",""),")",""),".",""),2)="63","0"&MID(SUBSTITUTE(SUBSTITUTE(SUBSTITUTE(SUBSTITUTE(SUBSTITUTE(SUBSTITUTE('Before (raw)'!C15," ",""),"-",""),"+",""),"(",""),")",""),".",""),3,20),IF(LEFT(SUBSTITUTE(SUBSTITUTE(SUBSTITUTE(SUBSTITUTE(SUBSTITUTE(SUBSTITUTE('Before (raw)'!C15," ",""),"-",""),"+",""),"(",""),")",""),".",""),1)="9","0"&SUBSTITUTE(SUBSTITUTE(SUBSTITUTE(SUBSTITUTE(SUBSTITUTE(SUBSTITUTE('Before (raw)'!C15," ",""),"-",""),"+",""),"(",""),")",""),".",""),SUBSTITUTE(SUBSTITUTE(SUBSTITUTE(SUBSTITUTE(SUBSTITUTE(SUBSTITUTE('Before (raw)'!C15," ",""),"-",""),"+",""),"(",""),")",""),".",""))) -> 09193456789 | D15: =IF(LEN(C15)=11,LEFT(C15,4)&"-"&MID(C15,5,3)&"-"&RIGHT(C15,4),C15) -> 0919-345-6789 | E15: =PROPER(TRIM('Before (raw)'!D15)) -> Imus | F15: =IF(COUNTIF($B$5:B15,B15)>1,"Duplicate","") -> Duplicate | G15: =IF(LEN(C15)=11,"OK","Check number") -> OK
A16: =PROPER(TRIM('Before (raw)'!A16)) -> Noel Cruz | B16: =LOWER(SUBSTITUTE('Before (raw)'!B16," ","")) -> noel.cruz@gmail.com | C16: =IF(LEFT(SUBSTITUTE(SUBSTITUTE(SUBSTITUTE(SUBSTITUTE(SUBSTITUTE(SUBSTITUTE('Before (raw)'!C16," ",""),"-",""),"+",""),"(",""),")",""),".",""),2)="63","0"&MID(SUBSTITUTE(SUBSTITUTE(SUBSTITUTE(SUBSTITUTE(SUBSTITUTE(SUBSTITUTE('Before (raw)'!C16," ",""),"-",""),"+",""),"(",""),")",""),".",""),3,20),IF(LEFT(SUBSTITUTE(SUBSTITUTE(SUBSTITUTE(SUBSTITUTE(SUBSTITUTE(SUBSTITUTE('Before (raw)'!C16," ",""),"-",""),"+",""),"(",""),")",""),".",""),1)="9","0"&SUBSTITUTE(SUBSTITUTE(SUBSTITUTE(SUBSTITUTE(SUBSTITUTE(SUBSTITUTE('Before (raw)'!C16," ",""),"-",""),"+",""),"(",""),")",""),".",""),SUBSTITUTE(SUBSTITUTE(SUBSTITUTE(SUBSTITUTE(SUBSTITUTE(SUBSTITUTE('Before (raw)'!C16," ",""),"-",""),"+",""),"(",""),")",""),".",""))) -> 09260123456 | D16: =IF(LEN(C16)=11,LEFT(C16,4)&"-"&MID(C16,5,3)&"-"&RIGHT(C16,4),C16) -> 0926-012-3456 | E16: =PROPER(TRIM('Before (raw)'!D16)) -> Tanza | F16: =IF(COUNTIF($B$5:B16,B16)>1,"Duplicate","") | G16: =IF(LEN(C16)=11,"OK","Check number") -> OK
... A19: =PROPER(TRIM('Before (raw)'!A19)) -> Liza Ramos | B19: =LOWER(SUBSTITUTE('Before (raw)'!B19," ","")) -> liza.ramos@gmail.com | C19: =IF(LEFT(SUBSTITUTE(SUBSTITUTE(SUBSTITUTE(SUBSTITUTE(SUBSTITUTE(SUBSTITUTE('Before (raw)'!C19," ",""),"-",""),"+",""),"(",""),")",""),".",""),2)="63","0"&MID(SUBSTITUTE(SUBSTITUTE(SUBSTITUTE(SUBSTITUTE(SUBSTITUTE(SUBSTITUTE('Before (raw)'!C19," ",""),"-",""),"+",""),"(",""),")",""),".",""),3,20),IF(LEFT(SUBSTITUTE(SUBSTITUTE(SUBSTITUTE(SUBSTITUTE(SUBSTITUTE(SUBSTITUTE('Before (raw)'!C19," ",""),"-",""),"+",""),"(",""),")",""),".",""),1)="9","0"&SUBSTITUTE(SUBSTITUTE(SUBSTITUTE(SUBSTITUTE(SUBSTITUTE(SUBSTITUTE('Before (raw)'!C19," ",""),"-",""),"+",""),"(",""),")",""),".",""),SUBSTITUTE(SUBSTITUTE(SUBSTITUTE(SUBSTITUTE(SUBSTITUTE(SUBSTITUTE('Before (raw)'!C19," ",""),"-",""),"+",""),"(",""),")",""),".",""))) -> 09292345678 | D19: =IF(LEN(C19)=11,LEFT(C19,4)&"-"&MID(C19,5,3)&"-"&RIGHT(C19,4),C19) -> 0929-234-5678 | E19: =PROPER(TRIM('Before (raw)'!D19)) -> Carmona | F19: =IF(COUNTIF($B$5:B19,B19)>1,"Duplicate","") | G19: =IF(LEN(C19)=11,"OK","Check number") -> OK
A21: Rows cleaned | B21: =COUNTA(A5:A19) -> 15
A22: Duplicates found | B22: =COUNTIF(F5:F19,"Duplicate") -> 2
A23: Phone numbers to check | B23: =COUNTIF(G5:G19,"Check number") -> 2
